KeyRecordLink|MasterID|TargetID|KeyDataSet|KeyLinkType|LinkConfidence|Transfer
525376|larryfitzgerald_pittsburgh|larryfitzgerald_pittsburgh_2002|6|2|1|0
525377|mikewilliams_usc|mikewilliams_usc_2002|6|2|1|0
525378|tommalone_usc|tommalone_usc_2002|6|2|1|0
525379|skylergreen_lsu|skylergreen_lsu_2002|6|2|1|0
525380|alexsmith_utah|alexsmith_utah_2002|6|2|1|0
525381|adrianpeterson_oklahoma|adrianpeterson_oklahoma_2004|6|2|1|0
525382|jjarrington_california|jjarrington_california_2003|6|2|1|0
525383|deangelowilliams_memphis|deangelowilliams_memphis_2002|6|2|1|0
525384|jamariothomas_northtexas|jamariothomas_northtexas_2004|6|2|1|0
525385|gregeslinger_minnesota|gregeslinger_minnesota_2002|6|2|1|0
525386|marcusmcneill_auburn|marcusmcneill_auburn_2002|6|2|1|0
525387|dbrickashawferguson_virginia|dbrickashawferguson_virginia_2002|6|2|1|0
525388|marksetterstrom_minnesota|marksetterstrom_minnesota_2002|6|2|1|0
525389|daryncolledge_boisestate|daryncolledge_boisestate_2002|6|2|1|0
525390|sambaker_usc|sambaker_usc_2003|6|2|1|0
525391|mathiaskiwanuka_bostoncollege|mathiaskiwanuka_bostoncollege_2002|6|2|1|0
525392|ryanriddle_california|ryanriddle_california_2003|6|2|1|0
525393|jessemahelona_tennessee|jessemahelona_tennessee_2004|6|2|1|0
525394|ajhawk_ohiostate|ajhawk_ohiostate_2002|6|2|1|0
525395|ahmadbrooks_virginia|ahmadbrooks_virginia_2002|6|2|1|0
525396|channingcrowder_florida|channingcrowder_florida_2002|6|2|1|0
525397|erniesims_floridastate|erniesims_floridastate_2003|6|2|1|0
525398|dqwelljackson_maryland|dqwelljackson_maryland_2002|6|2|1|0
525399|brandonfields_michiganstate|brandonfields_michiganstate_2002|6|2|1|0
525400|devinhester_miami|devinhester_miami_2002|6|2|1|0
525401|ashlandavis_tulsa|ashlandavis_tulsa_2004|6|2|1|0
525402|tedginnjr_ohiostate|tedginnjr_ohiostate_2004|6|2|1|0
525403|vinceyoung_texas|vinceyoung_texas_2002|6|2|1|0
525404|deangelowilliams_memphis|deangelowilliams_memphis_2002|6|2|1|0
525405|laurencemaroney_minnesota|laurencemaroney_minnesota_2003|6|2|1|0
525406|jeffsamardzija_notredame|jeffsamardzija_notredame_2003|6|2|1|0
525407|calvinjohnson_georgiatech|calvinjohnson_georgiatech_2004|6|2|1|0
525408|vernondavis_maryland|vernondavis_maryland_2003|6|2|1|0
525409|marcedeslewis_ucla|marcedeslewis_ucla_2002|6|2|1|0
525410|garrettmills_tulsa|garrettmills_tulsa_2002|6|2|1|0
525411|marcusmcneill_auburn|marcusmcneill_auburn_2002|6|2|1|0
525412|maxjeangilles_georgia|maxjeangilles_georgia_2002|6|2|1|0
525413|ericwinston_miami|ericwinston_miami_2002|6|2|1|0
525414|dbrickashawferguson_virginia|dbrickashawferguson_virginia_2002|6|2|1|0
525415|justinblalock_texas|justinblalock_texas_2002|6|2|1|0
525416|davinjoseph_oklahoma|davinjoseph_oklahoma_2002|6|2|1|0
525417|joethomas_wisconsin|joethomas_wisconsin_2003|6|2|1|0
525418|gregeslinger_minnesota|gregeslinger_minnesota_2002|6|2|1|0
525419|nickmangold_ohiostate|nickmangold_ohiostate_2002|6|2|1|0
525420|tambahali_pennstate|tambahali_pennstate_2002|6|2|1|0
525421|elvisdumervil_louisville|elvisdumervil_louisville_2002|6|2|1|0
525422|mariowilliams_northcarolinastate|mariowilliams_northcarolinastate_2003|6|2|1|0
525423|mathiaskiwanuka_bostoncollege|mathiaskiwanuka_bostoncollege_2002|6|2|1|0
525424|darryltapp_virginiatech|darryltapp_virginiatech_2002|6|2|1|0
525425|kamerionwimbley_floridastate|kamerionwimbley_floridastate_2002|6|2|1|0
525426|halotingata_oregon|halotingata_oregon_2002|6|2|1|0
525427|rodriquewright_texas|rodriquewright_texas_2002|6|2|1|0
525428|brodrickbunkley_floridastate|brodrickbunkley_floridastate_2002|6|2|1|0
525429|claudewroten_lsu|claudewroten_lsu_2004|6|2|1|0
525430|kylewilliams_lsu|kylewilliams_lsu_2002|6|2|1|0
525431|ajhawk_ohiostate|ajhawk_ohiostate_2002|6|2|1|0
525432|paulposluszny_pennstate|paulposluszny_pennstate_2003|6|2|1|0
525433|demecoryans_alabama|demecoryans_alabama_2002|6|2|1|0
525434|dqwelljackson_maryland|dqwelljackson_maryland_2002|6|2|1|0
525435|patrickwillis_olemiss|patrickwillis_olemiss_2003|6|2|1|0
525436|jimmywilliams_virginiatech|jimmywilliams_virginiatech_2002|6|2|1|0
525437|kosimpson_southcarolina|kosimpson_southcarolina_2004|6|2|1|0
525438|dwayneslay_texastech|dwayneslay_texastech_2004|6|2|1|0
525439|dontewhitner_ohiostate|dontewhitner_ohiostate_2003|6|2|1|0
525440|masoncrosby_colorado|masoncrosby_colorado_2003|6|2|1|0
525441|dannybaugher_arizona|dannybaugher_arizona_2002|6|2|1|0
525442|felixjones_arkansas|felixjones_arkansas_2005|6|2|1|0
525443|skylergreen_lsu|skylergreen_lsu_2002|6|2|1|0
525444|tedginnjr_ohiostate|tedginnjr_ohiostate_2004|6|2|1|0
525445|troysmith_ohiostate|troysmith_ohiostate_2002|6|2|1|0
525446|bradyquinn_notredame|bradyquinn_notredame_2003|6|2|1|0
525447|steveslaton_westvirginia|steveslaton_westvirginia_2005|6|2|1|0
525448|marshawnlynch_california|marshawnlynch_california_2004|6|2|1|0
525449|ianjohnson_boisestate|ianjohnson_boisestate_2004|6|2|1|0
525450|calvinjohnson_georgiatech|calvinjohnson_georgiatech_2004|6|2|1|0
525451|robertmeachem_tennessee|robertmeachem_tennessee_2003|6|2|1|0
525452|jeffsamardzija_notredame|jeffsamardzija_notredame_2003|6|2|1|0
525453|mattspaeth_minnesota|mattspaeth_minnesota_2002|6|2|1|0
525454|joshbeekman_bostoncollege|joshbeekman_bostoncollege_2002|6|2|1|0
525455|alexboone_ohiostate|alexboone_ohiostate_2005|6|2|1|0
525456|mikejones_iowa|mikejones_iowa_2003|6|2|1|0
525457|lamarrwoodley_michigan|lamarrwoodley_michigan_2003|6|2|1|0
525458|justinhickman_ucla|justinhickman_ucla_2004|6|2|1|0
525459|anthonyspencer_purdue|anthonyspencer_purdue_2002|6|2|1|0
525460|ericfoster_rutgers|ericfoster_rutgers_2003|6|2|1|0
525461|jameslaurinaitis_ohiostate|jameslaurinaitis_ohiostate_2005|6|2|1|0
525462|paulposluszny_pennstate|paulposluszny_pennstate_2003|6|2|1|0
525463|rufusalexander_oklahoma|rufusalexander_oklahoma_2002|6|2|1|0
525464|busterdavis_floridastate|busterdavis_floridastate_2002|6|2|1|0
525465|hbblades_pittsburgh|hbblades_pittsburgh_2003|6|2|1|0
525466|dwightlowery_sanjosestate|dwightlowery_sanjosestate_2006|6|2|1|0
525467|johntalley_duke|johntalley_duke_2003|6|2|1|0
525468|samswank_wakeforest|samswank_wakeforest_2004|6|2|1|0
525469|tedginnjr_ohiostate|tedginnjr_ohiostate_2004|6|2|1|0
525470|chasedaniel_missouri|chasedaniel_missouri_2005|6|2|1|0
525471|jonathanstewart_oregon|jonathanstewart_oregon_2005|6|2|1|0
525472|rayrice_rutgers|rayrice_rutgers_2005|6|2|1|0
525473|percyharvin_florida|percyharvin_florida_2006|6|2|1|0
525474|martinrucker_missouri|martinrucker_missouri_2003|6|2|1|0
525475|kirkbarton_ohiostate|kirkbarton_ohiostate_2003|6|2|1|0
525476|alexmack_california|alexmack_california_2004|6|2|1|0
525477|maxunger_oregon|maxunger_oregon_2004|6|2|1|0
525478|ryanclady_boisestate|ryanclady_boisestate_2004|6|2|1|0
525479|martinodonnell_illinois|martinodonnell_illinois_2003|6|2|1|0
525480|herculessatele_hawaii|herculessatele_hawaii_2003|6|2|1|0
525481|ryanstanchek_westvirginia|ryanstanchek_westvirginia_2004|6|2|1|0
525482|tonyhills_texas|tonyhills_texas_2003|6|2|1|0
525483|gosdercherilus_bostoncollege|gosdercherilus_bostoncollege_2003|6|2|1|0
525484|jleman_illinois|jleman_illinois_2003|6|2|1|0
525485|xavieradibi_virginiatech|xavieradibi_virginiatech_2003|6|2|1|0
525486|scottmckillop_pittsburgh|scottmckillop_pittsburgh_2004|6|2|1|0
525487|dwightlowery_sanjosestate|dwightlowery_sanjosestate_2006|6|2|1|0
525488|brandonflowers_virginiatech|brandonflowers_virginiatech_2004|6|2|1|0
525489|alphonsosmith_wakeforest|alphonsosmith_wakeforest_2004|6|2|1|0
525490|mikejenkins_southflorida|mikejenkins_southflorida_2003|6|2|1|0
525491|chrishorton_ucla|chrishorton_ucla_2003|6|2|1|0
525492|taylormehlhaff_wisconsin|taylormehlhaff_wisconsin_2004|6|2|1|0
525493|daniellincoln_tennessee|daniellincoln_tennessee_2006|6|2|1|0
525494|louiesakoda_utah|louiesakoda_utah_2005|6|2|1|0
525495|kevinhuber_cincinnati|kevinhuber_cincinnati_2005|6|2|1|0
525496|louiesakoda_utah|louiesakoda_utah_2005|6|2|1|0
525497|jeremymaclin_missouri|jeremymaclin_missouri_2006|6|2|1|0
525498|deseanjackson_california|deseanjackson_california_2005|6|2|1|0
525499|felixjones_arkansas|felixjones_arkansas_2005|6|2|1|0
525500|matthewslater_ucla|matthewslater_ucla_2003|6|2|1|0
525501|sambradford_oklahoma|sambradford_oklahoma_2006|6|2|1|0
525502|coltmccoy_texas|coltmccoy_texas_2005|6|2|1|0
525503|grahamharrell_texastech|grahamharrell_texastech_2004|6|2|1|0
525504|matthewstafford_georgia|matthewstafford_georgia_2006|6|2|1|0
525505|timtebow_florida|timtebow_florida_2006|6|2|1|0
525506|shonngreene_iowa|shonngreene_iowa_2005|6|2|1|0
525507|kendallhunter_oklahomastate|kendallhunter_oklahomastate_2007|6|2|1|0
525508|knowshonmoreno_georgia|knowshonmoreno_georgia_2006|6|2|1|0
525509|jonathandwyer_georgiatech|jonathandwyer_georgiatech_2007|6|2|1|0
525510|miqualelewis_ballstate|miqualelewis_ballstate_2006|6|2|1|0
525511|tonyfiammetta_syracuse|tonyfiammetta_syracuse_2004|6|2|1|0
525512|michaelcrabtree_texastech|michaelcrabtree_texastech_2006|6|2|1|0
525513|dezbryant_oklahomastate|dezbryant_oklahomastate_2007|6|2|1|0
525514|austincollie_byu|austincollie_byu_2004|6|2|1|0
525515|jeremymaclin_missouri|jeremymaclin_missouri_2006|6|2|1|0
525516|chasecoffman_missouri|chasecoffman_missouri_2005|6|2|1|0
525517|jermainegresham_oklahoma|jermainegresham_oklahoma_2006|6|2|1|0
525518|andresmith_alabama|andresmith_alabama_2006|6|2|1|0
525519|michaeloher_olemiss|michaeloher_olemiss_2005|6|2|1|0
525520|jasonsmith_baylor|jasonsmith_baylor_2004|6|2|1|0
525521|philloadholt_oklahoma|philloadholt_oklahoma_2007|6|2|1|0
525522|russellokung_oklahomastate|russellokung_oklahomastate_2006|6|2|1|0
525523|brandoncarter_texastech|brandoncarter_texastech_2005|6|2|1|0
525524|andylevitre_oregonstate|andylevitre_oregonstate_2004|6|2|1|0
525525|hermanjohnson_lsu|hermanjohnson_lsu_2004|6|2|1|0
525526|kraigurbik_wisconsin|kraigurbik_wisconsin_2004|6|2|1|0
525527|antoinecaldwell_alabama|antoinecaldwell_alabama_2004|6|2|1|0
525528|aqshipley_pennstate|aqshipley_pennstate_2004|6|2|1|0
525529|maxunger_oregon|maxunger_oregon_2004|6|2|1|0
525530|alexmack_california|alexmack_california_2004|6|2|1|0
525531|brianorakpo_texas|brianorakpo_texas_2004|6|2|1|0
525532|jerryhughes_tcu|jerryhughes_tcu_2006|6|2|1|0
525533|aaronmaybin_pennstate|aaronmaybin_pennstate_2006|6|2|1|0
525534|georgeselvie_southflorida|georgeselvie_southflorida_2005|6|2|1|0
525535|michaeljohnson_georgiatech|michaeljohnson_georgiatech_2005|6|2|1|0
525536|nickreed_oregon|nickreed_oregon_2005|6|2|1|0
525537|terrencecody_alabama|terrencecody_alabama_2008|6|2|1|0
525538|geraldmccoy_oklahoma|geraldmccoy_oklahoma_2006|6|2|1|0
525539|periajerry_olemiss|periajerry_olemiss_2004|6|2|1|0
525540|periajerry_olemiss|periajerry_olemiss_2005|6|2|1|0
525541|brandonspikes_florida|brandonspikes_florida_2006|6|2|1|0
525542|jameslaurinaitis_ohiostate|jameslaurinaitis_ohiostate_2005|6|2|1|0
525543|scottmckillop_pittsburgh|scottmckillop_pittsburgh_2004|6|2|1|0
525544|markherzlich_bostoncollege|markherzlich_bostoncollege_2006|6|2|1|0
525545|malcolmjenkins_ohiostate|malcolmjenkins_ohiostate_2005|6|2|1|0
525546|alphonsosmith_wakeforest|alphonsosmith_wakeforest_2004|6|2|1|0
525547|djmoore_vanderbilt|djmoore_vanderbilt_2006|6|2|1|0
525548|victorharris_virginiatech|victorharris_virginiatech_2005|6|2|1|0
525549|ericberry_tennessee|ericberry_tennessee_2007|6|2|1|0
525550|morganburnett_georgiatech|morganburnett_georgiatech_2007|6|2|1|0
525551|louiesakoda_utah|louiesakoda_utah_2005|6|2|1|0
525552|grahamgano_floridastate|grahamgano_floridastate_2005|6|2|1|0
525553|kevinhuber_cincinnati|kevinhuber_cincinnati_2005|6|2|1|0
525554|patmcafee_westvirginia|patmcafee_westvirginia_2005|6|2|1|0
525555|brandonjames_florida|brandonjames_florida_2006|6|2|1|0
525556|jeremymaclin_missouri|jeremymaclin_missouri_2006|6|2|1|0
525557|percyharvin_florida|percyharvin_florida_2006|6|2|1|0
525558|joeburnett_centralflorida|joeburnett_centralflorida_2005|6|2|1|0
525559|michaelraygarvin_floridastate|michaelraygarvin_floridastate_2005|6|2|1|0
525560|perrishcox_oklahomastate|perrishcox_oklahomastate_2006|6|2|1|0
525561|travisshelton_temple|travisshelton_temple_2004|6|2|1|0
525562|derrickwilliams_pennstate|derrickwilliams_pennstate_2005|6|2|1|0
525563|andrewluck_stanford|andrewluck_stanford_2008|6|2|1|0
525564|kellenmoore_boisestate|kellenmoore_boisestate_2007|6|2|1|0
525565|camnewton_auburn|camnewton_auburn_2010|6|2|1|0
525566|kendallhunter_oklahomastate|kendallhunter_oklahomastate_2007|6|2|1|0
525567|marcuslattimore_southcarolina|marcuslattimore_southcarolina_2010|6|2|1|0
525568|denardrobinson_michigan|denardrobinson_michigan_2009|6|2|1|0
525569|justinblackmon_oklahomastate|justinblackmon_oklahomastate_2008|6|2|1|0
525570|ryanbroyles_oklahoma|ryanbroyles_oklahoma_2007|6|2|1|0
525571|ajgreen_georgia|ajgreen_georgia_2008|6|2|1|0
525572|alshonjeffery_southcarolina|alshonjeffery_southcarolina_2009|6|2|1|0
525573|michaelegnew_missouri|michaelegnew_missouri_2008|6|2|1|0
525574|lancekendricks_wisconsin|lancekendricks_wisconsin_2006|6|2|1|0
525575|gabecarimi_wisconsin|gabecarimi_wisconsin_2006|6|2|1|0
525576|anthonycastonzo_bostoncollege|anthonycastonzo_bostoncollege_2007|6|2|1|0
525577|jonathanmartin_stanford|jonathanmartin_stanford_2008|6|2|1|0
525578|dereksherrod_mississippistate|dereksherrod_mississippistate_2007|6|2|1|0
525579|natesolder_colorado|natesolder_colorado_2006|6|2|1|0
525580|leeziemba_auburn|leeziemba_auburn_2007|6|2|1|0
525581|clintboling_georgia|clintboling_georgia_2007|6|2|1|0
525582|cordyglenn_georgia|cordyglenn_georgia_2008|6|2|1|0
525583|rodneyhudson_floridastate|rodneyhudson_floridastate_2007|6|2|1|0
525584|johnmoffitt_wisconsin|johnmoffitt_wisconsin_2006|6|2|1|0
525585|stefenwisniewski_pennstate|stefenwisniewski_pennstate_2007|6|2|1|0
525586|mikepouncey_florida|mikepouncey_florida_2007|6|2|1|0
525587|daquanbowers_clemson|daquanbowers_clemson_2008|6|2|1|0
525588|waynedaniels_tcu|waynedaniels_tcu_2006|6|2|1|0
525589|ryankerrigan_purdue|ryankerrigan_purdue_2007|6|2|1|0
525590|jabaalsheard_pittsburgh|jabaalsheard_pittsburgh_2007|6|2|1|0
525591|adrianclayborn_iowa|adrianclayborn_iowa_2006|6|2|1|0
525592|jaredcrick_nebraska|jaredcrick_nebraska_2007|6|2|1|0
525593|marcelldareus_alabama|marcelldareus_alabama_2008|6|2|1|0
525594|nickfairley_auburn|nickfairley_auburn_2007|6|2|1|0
525595|nickfairley_auburn|nickfairley_auburn_2009|6|2|1|0
525596|drakenevis_lsu|drakenevis_lsu_2007|6|2|1|0
525597|stephenpaea_oregonstate|stephenpaea_oregonstate_2008|6|2|1|0
525598|vontazeburfict_arizonastate|vontazeburfict_arizonastate_2009|6|2|1|0
525599|tankcarder_tcu|tankcarder_tcu_2007|6|2|1|0
525600|lavontedavid_nebraska|lavontedavid_nebraska_2010|6|2|1|0
525601|masonfoster_washington|masonfoster_washington_2007|6|2|1|0
525602|justinhouston_georgia|justinhouston_georgia_2007|6|2|1|0
525603|gregjones_michiganstate|gregjones_michiganstate_2007|6|2|1|0
525604|lukekuechly_bostoncollege|lukekuechly_bostoncollege_2009|6|2|1|0
525605|vonmiller_texasam|vonmiller_texasam_2007|6|2|1|0
525606|dannytrevathan_kentucky|dannytrevathan_kentucky_2008|6|2|1|0
525607|princeamukamara_nebraska|princeamukamara_nebraska_2007|6|2|1|0
525608|chimdichekwa_ohiostate|chimdichekwa_ohiostate_2006|6|2|1|0
525609|cliffharris_oregon|cliffharris_oregon_2009|6|2|1|0
525610|jayronhosley_virginiatech|jayronhosley_virginiatech_2009|6|2|1|0
525611|patrickpeterson_lsu|patrickpeterson_lsu_2008|6|2|1|0
525612|markbarron_alabama|markbarron_alabama_2008|6|2|1|0
525613|ahmadblack_florida|ahmadblack_florida_2007|6|2|1|0
525614|quintoncarter_oklahoma|quintoncarter_oklahoma_2006|6|2|1|0
525615|erichagg_nebraska|erichagg_nebraska_2007|6|2|1|0
525616|jaiquawnjarrett_temple|jaiquawnjarrett_temple_2007|6|2|1|0
525617|tejayjohnson_tcu|tejayjohnson_tcu_2007|6|2|1|0
525618|rahimmoore_ucla|rahimmoore_ucla_2008|6|2|1|0
525619|robertsands_westvirginia|robertsands_westvirginia_2008|6|2|1|0
525620|danbailey_oklahomastate|danbailey_oklahomastate_2007|6|2|1|0
525621|joshjasper_lsu|joshjasper_lsu_2007|6|2|1|0
525622|drewbutler_georgia|drewbutler_georgia_2007|6|2|1|0
525623|chashenry_florida|chashenry_florida_2007|6|2|1|0
525624|kylemartens_rice|kylemartens_rice_2008|6|2|1|0
525625|quinnsharp_oklahomastate|quinnsharp_oklahomastate_2008|6|2|1|0
525626|randallcobb_kentucky|randallcobb_kentucky_2008|6|2|1|0
525627|cliffharris_oregon|cliffharris_oregon_2009|6|2|1|0
525628|jeremykerley_tcu|jeremykerley_tcu_2007|6|2|1|0
525629|owenmarecic_stanford|owenmarecic_stanford_2007|6|2|1|0
525630|ericpage_toledo|ericpage_toledo_2009|6|2|1|0
525631|patrickpeterson_lsu|patrickpeterson_lsu_2008|6|2|1|0
525632|robertgriffiniii_baylor|robertgriffiniii_baylor_2008|6|2|1|0
525633|andrewluck_stanford|andrewluck_stanford_2008|6|2|1|0
525634|monteeball_wisconsin|monteeball_wisconsin_2009|6|2|1|0
525635|trentrichardson_alabama|trentrichardson_alabama_2009|6|2|1|0
525636|jayprosch_illinois|jayprosch_illinois_2010|6|2|1|0
525637|justinblackmon_oklahomastate|justinblackmon_oklahomastate_2008|6|2|1|0
525638|ryanbroyles_oklahoma|ryanbroyles_oklahoma_2007|6|2|1|0
525639|sammywatkins_clemson|sammywatkins_clemson_2011|6|2|1|0
525640|kendallwright_baylor|kendallwright_baylor_2008|6|2|1|0
525641|dwayneallen_clemson|dwayneallen_clemson_2008|6|2|1|0
525642|orsoncharles_georgia|orsoncharles_georgia_2009|6|2|1|0
525643|tylereifert_notredame|tylereifert_notredame_2009|6|2|1|0
525644|cobyfleener_stanford|cobyfleener_stanford_2007|6|2|1|0
525645|levyadcock_oklahomastate|levyadcock_oklahomastate_2009|6|2|1|0
525646|barrettjones_alabama|barrettjones_alabama_2008|6|2|1|0
525647|jonathanmartin_stanford|jonathanmartin_stanford_2008|6|2|1|0
525648|kelechiosemele_iowastate|kelechiosemele_iowastate_2007|6|2|1|0
525649|natepotter_boisestate|natepotter_boisestate_2006|6|2|1|0
525650|rileyreiff_iowa|rileyreiff_iowa_2008|6|2|1|0
525651|willblackwell_lsu|willblackwell_lsu_2007|6|2|1|0
525652|daviddecastro_stanford|daviddecastro_stanford_2008|6|2|1|0
525653|kevinzeitler_wisconsin|kevinzeitler_wisconsin_2008|6|2|1|0
525654|grantgarner_oklahomastate|grantgarner_oklahomastate_2007|6|2|1|0
525655|benjones_georgia|benjones_georgia_2008|6|2|1|0
525656|peterkonz_wisconsin|peterkonz_wisconsin_2008|6|2|1|0
525657|davidmolk_michigan|davidmolk_michigan_2007|6|2|1|0
525658|vinnycurry_marshall|vinnycurry_marshall_2007|6|2|1|0
525659|melviningram_southcarolina|melviningram_southcarolina_2007|6|2|1|0
525660|whitneymercilus_illinois|whitneymercilus_illinois_2008|6|2|1|0
525661|sammontgomery_lsu|sammontgomery_lsu_2009|6|2|1|0
525662|alexokafor_texas|alexokafor_texas_2009|6|2|1|0
525663|fletchercox_mississippistate|fletchercox_mississippistate_2009|6|2|1|0
525664|brettroy_nevada|brettroy_nevada_2008|6|2|1|0
525665|devonstill_pennstate|devonstill_pennstate_2007|6|2|1|0
525666|jerelworthy_michiganstate|jerelworthy_michiganstate_2009|6|2|1|0
525667|lavontedavid_nebraska|lavontedavid_nebraska_2010|6|2|1|0
525668|dontahightower_alabama|dontahightower_alabama_2008|6|2|1|0
525669|lukekuechly_bostoncollege|lukekuechly_bostoncollege_2009|6|2|1|0
525670|chasethomas_stanford|chasethomas_stanford_2008|6|2|1|0
525671|courtneyupshaw_alabama|courtneyupshaw_alabama_2008|6|2|1|0
525672|morrisclaiborne_lsu|morrisclaiborne_lsu_2009|6|2|1|0
525673|drekirkpatrick_alabama|drekirkpatrick_alabama_2009|6|2|1|0
525674|tyrannmathieu_lsu|tyrannmathieu_lsu_2010|6|2|1|0
525675|dequanmenzie_alabama|dequanmenzie_alabama_2010|6|2|1|0
525676|markbarron_alabama|markbarron_alabama_2008|6|2|1|0
525677|markellemartin_oklahomastate|markellemartin_oklahomastate_2008|6|2|1|0
525678|bacarrirambo_georgia|bacarrirambo_georgia_2008|6|2|1|0
525679|brettmaher_nebraska|brettmaher_nebraska_2008|6|2|1|0
525680|quinnsharp_oklahomastate|quinnsharp_oklahomastate_2008|6|2|1|0
525681|calebsturgis_florida|calebsturgis_florida_2008|6|2|1|0
525682|stevenclark_auburn|stevenclark_auburn_2010|6|2|1|0
525683|shawnpowell_floridastate|shawnpowell_floridastate_2007|6|2|1|0
525684|bradwing_lsu|bradwing_lsu_2010|6|2|1|0
525685|joeadams_arkansas|joeadams_arkansas_2008|6|2|1|0
525686|tavonaustin_westvirginia|tavonaustin_westvirginia_2009|6|2|1|0
525687|tylerlockett_kansasstate|tylerlockett_kansasstate_2011|6|2|1|0
525688|tyrannmathieu_lsu|tyrannmathieu_lsu_2010|6|2|1|0
525689|gregmccoy_tcu|gregmccoy_tcu_2007|6|2|1|0
525690|sammywatkins_clemson|sammywatkins_clemson_2011|6|2|1|0
525691|tajhboyd_clemson|tajhboyd_clemson_2009|6|2|1|0
525692|johnnymanziel_texasam|johnnymanziel_texasam_2011|6|2|1|0
525693|ryannassib_syracuse|ryannassib_syracuse_2008|6|2|1|0
525694|monteeball_wisconsin|monteeball_wisconsin_2009|6|2|1|0
525695|kenjonbarner_oregon|kenjonbarner_oregon_2008|6|2|1|0
525696|leveonbell_michiganstate|leveonbell_michiganstate_2010|6|2|1|0
525697|kadeemcarey_arizona|kadeemcarey_arizona_2011|6|2|1|0
525698|johnathanfranklin_ucla|johnathanfranklin_ucla_2008|6|2|1|0
525699|jccopeland_lsu|jccopeland_lsu_2010|6|2|1|0
525700|stedmanbailey_westvirginia|stedmanbailey_westvirginia_2009|6|2|1|0
525701|marqiselee_usc|marqiselee_usc_2011|6|2|1|0
525702|sammywatkins_clemson|sammywatkins_clemson_2011|6|2|1|0
525703|terrancewilliams_baylor|terrancewilliams_baylor_2008|6|2|1|0
525704|tylereifert_notredame|tylereifert_notredame_2009|6|2|1|0
525705|zachertz_stanford|zachertz_stanford_2009|6|2|1|0
525706|jonathancooper_northcarolina|jonathancooper_northcarolina_2008|6|2|1|0
525707|ericfisher_centralmichigan|ericfisher_centralmichigan_2009|6|2|1|0
525708|djfluker_alabama|djfluker_alabama_2009|6|2|1|0
525709|travisfrederick_wisconsin|travisfrederick_wisconsin_2009|6|2|1|0
525710|daltonfreeman_clemson|daltonfreeman_clemson_2008|6|2|1|0
525711|gabeikard_oklahoma|gabeikard_oklahoma_2009|6|2|1|0
525712|lukejoeckel_texasam|lukejoeckel_texasam_2010|6|2|1|0
525713|barrettjones_alabama|barrettjones_alabama_2008|6|2|1|0
525714|taylorlewan_michigan|taylorlewan_michigan_2009|6|2|1|0
525715|jakematthews_texasam|jakematthews_texasam_2010|6|2|1|0
525716|rickywagner_wisconsin|rickywagner_wisconsin_2008|6|2|1|0
525717|chancewarmack_alabama|chancewarmack_alabama_2009|6|2|1|0
525718|davidyankey_stanford|davidyankey_stanford_2010|6|2|1|0
525719|jadeveonclowney_southcarolina|jadeveonclowney_southcarolina_2011|6|2|1|0
525720|sharriffloyd_florida|sharriffloyd_florida_2010|6|2|1|0
525721|johnathanhankins_ohiostate|johnathanhankins_ohiostate_2010|6|2|1|0
525722|chrisjones_bowlinggreen|chrisjones_bowlinggreen_2009|6|2|1|0
525723|bennielogan_lsu|bennielogan_lsu_2009|6|2|1|0
525724|starlotulelei_utah|starlotulelei_utah_2010|6|2|1|0
525725|damontremoore_texasam|damontremoore_texasam_2010|6|2|1|0
525726|stephontuitt_notredame|stephontuitt_notredame_2011|6|2|1|0
525727|jessewilliams_alabama|jessewilliams_alabama_2011|6|2|1|0
525728|sylvesterwilliams_northcarolina|sylvesterwilliams_northcarolina_2011|6|2|1|0
525729|khaseemgreene_rutgers|khaseemgreene_rutgers_2008|6|2|1|0
525730|dionjordan_oregon|dionjordan_oregon_2008|6|2|1|0
525731|michaelmauti_pennstate|michaelmauti_pennstate_2008|6|2|1|0
525732|kevinminter_lsu|kevinminter_lsu_2009|6|2|1|0
525733|cjmosley_alabama|cjmosley_alabama_2010|6|2|1|0
525734|mantiteo_notredame|mantiteo_notredame_2009|6|2|1|0
525735|johnthanbanks_mississippistate|johnthanbanks_mississippistate_2009|6|2|1|0
525736|mattelam_florida|mattelam_florida_2010|6|2|1|0
525737|tonyjefferson_oklahoma|tonyjefferson_oklahoma_2010|6|2|1|0
525738|deemilliner_alabama|deemilliner_alabama_2010|6|2|1|0
525739|jordanpoyer_oregonstate|jordanpoyer_oregonstate_2009|6|2|1|0
525740|ericreid_lsu|ericreid_lsu_2010|6|2|1|0
525741|bradleyroby_ohiostate|bradleyroby_ohiostate_2010|6|2|1|0
525742|loganryan_rutgers|loganryan_rutgers_2009|6|2|1|0
525743|phillipthomas_fresnostate|phillipthomas_fresnostate_2007|6|2|1|0
525744|kennyvaccaro_texas|kennyvaccaro_texas_2009|6|2|1|0
525745|jasonverrett_tcu|jasonverrett_tcu_2011|6|2|1|0
525746|dustinhopkins_floridastate|dustinhopkins_floridastate_2009|6|2|1|0
525747|cairosantos_tulane|cairosantos_tulane_2010|6|2|1|0
525748|quinnsharp_oklahomastate|quinnsharp_oklahomastate_2008|6|2|1|0
525749|calebsturgis_florida|calebsturgis_florida_2008|6|2|1|0
525750|kylechristy_florida|kylechristy_florida_2011|6|2|1|0
525751|driarcher_kentstate|driarcher_kentstate_2009|6|2|1|0
525752|tavonaustin_westvirginia|tavonaustin_westvirginia_2009|6|2|1|0
525753|dukejohnson_miami|dukejohnson_miami_2012|6|2|1|0
525754|venricmark_northwestern|venricmark_northwestern_2010|6|2|1|0
525755|tramainethompson_kansasstate|tramainethompson_kansasstate_2009|6|2|1|0
525756|ajmccarron_alabama|ajmccarron_alabama_2009|6|2|1|0
525757|jameiswinston_floridastate|jameiswinston_floridastate_2012|6|2|1|0
525758|kadeemcarey_arizona|kadeemcarey_arizona_2011|6|2|1|0
525759|tremason_auburn|tremason_auburn_2011|6|2|1|0
525760|andrewilliams_bostoncollege|andrewilliams_bostoncollege_2010|6|2|1|0
525761|kelvinbenjamin_floridastate|kelvinbenjamin_floridastate_2011|6|2|1|0
525762|brandincooks_oregonstate|brandincooks_oregonstate_2011|6|2|1|0
525763|mikeevans_texasam|mikeevans_texasam_2011|6|2|1|0
525764|jordanmatthews_vanderbilt|jordanmatthews_vanderbilt_2010|6|2|1|0
525765|allenrobinson_pennstate|allenrobinson_pennstate_2011|6|2|1|0
525766|sammywatkins_clemson|sammywatkins_clemson_2011|6|2|1|0
525767|jaceamaro_texastech|jaceamaro_texastech_2011|6|2|1|0
525768|ericebron_northcarolina|ericebron_northcarolina_2011|6|2|1|0
525769|cameronerving_floridastate|cameronerving_floridastate_2010|6|2|1|0
525770|hronissgrasu_oregon|hronissgrasu_oregon_2010|6|2|1|0
525771|gabeikard_oklahoma|gabeikard_oklahoma_2009|6|2|1|0
525772|cyruskouandjio_alabama|cyruskouandjio_alabama_2011|6|2|1|0
525773|taylorlewan_michigan|taylorlewan_michigan_2009|6|2|1|0
525774|jakematthews_texasam|jakematthews_texasam_2010|6|2|1|0
525775|jackmewhort_ohiostate|jackmewhort_ohiostate_2009|6|2|1|0
525776|cyrilrichardson_baylor|cyrilrichardson_baylor_2009|6|2|1|0
525777|bryanstork_floridastate|bryanstork_floridastate_2009|6|2|1|0
525778|travisswanson_arkansas|travisswanson_arkansas_2009|6|2|1|0
525779|davidyankey_stanford|davidyankey_stanford_2010|6|2|1|0
525780|vicbeasley_clemson|vicbeasley_clemson_2010|6|2|1|0
525781|jadeveonclowney_southcarolina|jadeveonclowney_southcarolina_2011|6|2|1|0
525782|aarondonald_pittsburgh|aarondonald_pittsburgh_2010|6|2|1|0
525783|jacksonjeffcoat_texas|jacksonjeffcoat_texas_2010|6|2|1|0
525784|timmyjernigan_floridastate|timmyjernigan_floridastate_2011|6|2|1|0
525785|kelcyquarles_southcarolina|kelcyquarles_southcarolina_2010|6|2|1|0
525786|kelcyquarles_southcarolina|kelcyquarles_southcarolina_2011|6|2|1|0
525787|michaelsam_missouri|michaelsam_missouri_2009|6|2|1|0
525788|marcussmith_louisville|marcussmith_louisville_2010|6|2|1|0
525789|leonardwilliams_usc|leonardwilliams_usc_2012|6|2|1|0
525790|anthonybarr_ucla|anthonybarr_ucla_2010|6|2|1|0
525791|chrisborland_wisconsin|chrisborland_wisconsin_2009|6|2|1|0
525792|khalilmack_buffalo|khalilmack_buffalo_2009|6|2|1|0
525793|cjmosley_alabama|cjmosley_alabama_2010|6|2|1|0
525794|trentmurphy_stanford|trentmurphy_stanford_2009|6|2|1|0
525795|ryanshazier_ohiostate|ryanshazier_ohiostate_2011|6|2|1|0
525796|terrencebrooks_floridastate|terrencebrooks_floridastate_2010|6|2|1|0
525797|hahaclintondix_alabama|hahaclintondix_alabama_2011|6|2|1|0
525798|darquezedennard_michiganstate|darquezedennard_michiganstate_2010|6|2|1|0
525799|ahmaddixon_baylor|ahmaddixon_baylor_2010|6|2|1|0
525800|ifoekpreolomu_oregon|ifoekpreolomu_oregon_2011|6|2|1|0
525801|justingilbert_oklahomastate|justingilbert_oklahomastate_2010|6|2|1|0
525802|anthonyharris_virginia|anthonyharris_virginia_2011|6|2|1|0
525803|lamarcusjoyner_floridastate|lamarcusjoyner_floridastate_2010|6|2|1|0
525804|codyprewitt_olemiss|codyprewitt_olemiss_2011|6|2|1|0
525805|edreynolds_stanford|edreynolds_stanford_2010|6|2|1|0
525806|jasonverrett_tcu|jasonverrett_tcu_2011|6|2|1|0
525807|jimmieward_northernillinois|jimmieward_northernillinois_2010|6|2|1|0
525808|robertoaguayo_floridastate|robertoaguayo_floridastate_2012|6|2|1|0
525809|jeffbudzien_northwestern|jeffbudzien_northwestern_2009|6|2|1|0
525810|natefreese_bostoncollege|natefreese_bostoncollege_2009|6|2|1|0
525811|tomhornsey_memphis|tomhornsey_memphis_2010|6|2|1|0
525812|drewkaser_texasam|drewkaser_texasam_2011|6|2|1|0
525813|mikesadler_michiganstate|mikesadler_michiganstate_2010|6|2|1|0
525814|antonioandrews_westernkentucky|antonioandrews_westernkentucky_2010|6|2|1|0
525815|odellbeckhamjr_lsu|odellbeckhamjr_lsu_2011|6|2|1|0
525816|chrisdavis_auburn|chrisdavis_auburn_2010|6|2|1|0
525817|mylesjack_ucla|mylesjack_ucla_2013|6|2|1|0
525818|jordanlynch_northernillinois|jordanlynch_northernillinois_2009|6|2|1|0
525819|tymontgomery_stanford|tymontgomery_stanford_2011|6|2|1|0
525820|ryanswitzer_northcarolina|ryanswitzer_northcarolina_2013|6|2|1|0
525821|marcusmariota_oregon|marcusmariota_oregon_2011|6|2|1|0
525822|tevincoleman_indiana|tevincoleman_indiana_2012|6|2|1|0
525823|jamesconner_pittsburgh|jamesconner_pittsburgh_2013|6|2|1|0
525824|melvingordon_wisconsin|melvingordon_wisconsin_2011|6|2|1|0
525825|amaricooper_alabama|amaricooper_alabama_2012|6|2|1|0
525826|rashardhiggins_coloradostate|rashardhiggins_coloradostate_2013|6|2|1|0
525827|jaelenstrong_arizonastate|jaelenstrong_arizonastate_2013|6|2|1|0
525828|kevinwhite_westvirginia|kevinwhite_westvirginia_2013|6|2|1|0
525829|nickoleary_floridastate|nickoleary_floridastate_2011|6|2|1|0
525830|clivewalford_miami|clivewalford_miami_2010|6|2|1|0
525831|maxxwilliams_minnesota|maxxwilliams_minnesota_2012|6|2|1|0
525832|jackallen_michiganstate|jackallen_michiganstate_2011|6|2|1|0
525833|ajcann_southcarolina|ajcann_southcarolina_2010|6|2|1|0
525834|kylecostigan_wisconsin|kylecostigan_wisconsin_2010|6|2|1|0
525835|reesedismukes_auburn|reesedismukes_auburn_2011|6|2|1|0
525836|spencerdrango_baylor|spencerdrango_baylor_2011|6|2|1|0
525837|cameronerving_floridastate|cameronerving_floridastate_2010|6|2|1|0
525838|jakefisher_oregon|jakefisher_oregon_2011|6|2|1|0
525839|hronissgrasu_oregon|hronissgrasu_oregon_2010|6|2|1|0
525840|robhavenstein_wisconsin|robhavenstein_wisconsin_2010|6|2|1|0
525841|trejackson_floridastate|trejackson_floridastate_2011|6|2|1|0
525842|ariekouandjio_alabama|ariekouandjio_alabama_2010|6|2|1|0
525843|cedricogbuehi_texasam|cedricogbuehi_texasam_2010|6|2|1|0
525844|andruspeat_stanford|andruspeat_stanford_2012|6|2|1|0
525845|brandonscherff_iowa|brandonscherff_iowa_2010|6|2|1|0
525846|lakentomlinson_duke|lakentomlinson_duke_2010|6|2|1|0
525847|vicbeasley_clemson|vicbeasley_clemson_2010|6|2|1|0
525848|michaelbennett_ohiostate|michaelbennett_ohiostate_2011|6|2|1|0
525849|joeybosa_ohiostate|joeybosa_ohiostate_2013|6|2|1|0
525850|malcombrown_texas|malcombrown_texas_2012|6|2|1|0
525851|eddiegoldman_floridastate|eddiegoldman_floridastate_2012|6|2|1|0
525852|nateorchard_utah|nateorchard_utah_2011|6|2|1|0
525853|shaneray_missouri|shaneray_missouri_2011|6|2|1|0
525854|dannyshelton_washington|dannyshelton_washington_2011|6|2|1|0
525855|leonardwilliams_usc|leonardwilliams_usc_2012|6|2|1|0
525856|pauldawson_tcu|pauldawson_tcu_2011|6|2|1|0
525857|treydepriest_alabama|treydepriest_alabama_2011|6|2|1|0
525858|erickendricks_ucla|erickendricks_ucla_2010|6|2|1|0
525859|hauolikikaha_washington|hauolikikaha_washington_2010|6|2|1|0
525860|benardrickmckinney_mississippistate|benardrickmckinney_mississippistate_2011|6|2|1|0
525861|shaqthompson_washington|shaqthompson_washington_2012|6|2|1|0
525862|landoncollins_alabama|landoncollins_alabama_2012|6|2|1|0
525863|kurtisdrummond_michiganstate|kurtisdrummond_michiganstate_2010|6|2|1|0
525864|ifoekpreolomu_oregon|ifoekpreolomu_oregon_2011|6|2|1|0
525865|senquezgolson_olemiss|senquezgolson_olemiss_2011|6|2|1|0
525866|vernonhargreavesiii_florida|vernonhargreavesiii_florida_2013|6|2|1|0
525867|gerodholliman_louisville|gerodholliman_louisville_2011|6|2|1|0
525868|gerodholliman_louisville|gerodholliman_louisville_2012|6|2|1|0
525869|jalenramsey_floridastate|jalenramsey_floridastate_2013|6|2|1|0
525870|robertoaguayo_floridastate|robertoaguayo_floridastate_2012|6|2|1|0
525871|bradcraddock_maryland|bradcraddock_maryland_2013|6|2|1|0
525872|jkscott_alabama|jkscott_alabama_2014|6|2|1|0
525873|marioalford_westvirginia|marioalford_westvirginia_2013|6|2|1|0
525874|kaelinclay_utah|kaelinclay_utah_2014|6|2|1|0
525875|tylerlockett_kansasstate|tylerlockett_kansasstate_2011|6|2|1|0
525876|marcusmurphy_missouri|marcusmurphy_missouri_2010|6|2|1|0
525877|shaqthompson_washington|shaqthompson_washington_2012|6|2|1|0
525878|trevoneboykin_tcu|trevoneboykin_tcu_2011|6|2|1|0
525879|keenanreynolds_navy|keenanreynolds_navy_2012|6|2|1|0
525880|deshaunwatson_clemson|deshaunwatson_clemson_2014|6|2|1|0
525881|dalvincook_floridastate|dalvincook_floridastate_2014|6|2|1|0
525882|ezekielelliott_ohiostate|ezekielelliott_ohiostate_2013|6|2|1|0
525883|leonardfournette_lsu|leonardfournette_lsu_2014|6|2|1|0
525884|roycefreeman_oregon|roycefreeman_oregon_2014|6|2|1|0
525885|derrickhenry_alabama|derrickhenry_alabama_2013|6|2|1|0
525886|christianmccaffrey_stanford|christianmccaffrey_stanford_2014|6|2|1|0
525887|larryroseiii_newmexicostate|larryroseiii_newmexicostate_2014|6|2|1|0
525888|coreycoleman_baylor|coreycoleman_baylor_2012|6|2|1|0
525889|willfuller_notredame|willfuller_notredame_2013|6|2|1|0
525890|rogerlewis_bowlinggreen|rogerlewis_bowlinggreen_2014|6|2|1|0
525891|sterlingshepard_oklahoma|sterlingshepard_oklahoma_2012|6|2|1|0
525892|jujusmithschuster_usc|jujusmithschuster_usc_2014|6|2|1|0
525893|laquontreadwell_olemiss|laquontreadwell_olemiss_2013|6|2|1|0
525894|jakebutt_michigan|jakebutt_michigan_2013|6|2|1|0
525895|hunterhenry_arkansas|hunterhenry_arkansas_2013|6|2|1|0
525896|austinhooper_stanford|austinhooper_stanford_2013|6|2|1|0
525897|jordanleggett_clemson|jordanleggett_clemson_2013|6|2|1|0
525898|vadalalexander_lsu|vadalalexander_lsu_2012|6|2|1|0
525899|jackallen_michiganstate|jackallen_michiganstate_2011|6|2|1|0
525900|austinblythe_iowa|austinblythe_iowa_2011|6|2|1|0
525901|jackconklin_michiganstate|jackconklin_michiganstate_2012|6|2|1|0
525902|taylordecker_ohiostate|taylordecker_ohiostate_2012|6|2|1|0
525903|spencerdrango_baylor|spencerdrango_baylor_2011|6|2|1|0
525904|patelflein_ohiostate|patelflein_ohiostate_2012|6|2|1|0
525905|danfeeney_indiana|danfeeney_indiana_2012|6|2|1|0
525906|joshuagarnett_stanford|joshuagarnett_stanford_2012|6|2|1|0
525907|roderickjohnson_floridastate|roderickjohnson_floridastate_2014|6|2|1|0
525908|ryankelly_alabama|ryankelly_alabama_2011|6|2|1|0
525909|jasonspriggs_indiana|jasonspriggs_indiana_2012|6|2|1|0
525910|ronniestanley_notredame|ronniestanley_notredame_2012|6|2|1|0
525911|joethuney_northcarolinastate|joethuney_northcarolinastate_2011|6|2|1|0
525912|sebastiantretola_arkansas|sebastiantretola_arkansas_2014|6|2|1|0
525913|laremytunsil_olemiss|laremytunsil_olemiss_2013|6|2|1|0
525914|landonturner_northcarolina|landonturner_northcarolina_2011|6|2|1|0
525915|andrewbillings_baylor|andrewbillings_baylor_2013|6|2|1|0
525916|joeybosa_ohiostate|joeybosa_ohiostate_2013|6|2|1|0
525917|deforestbuckner_oregon|deforestbuckner_oregon_2012|6|2|1|0
525918|jonathanbullard_florida|jonathanbullard_florida_2012|6|2|1|0
525919|shiliquecalhoun_michiganstate|shiliquecalhoun_michiganstate_2011|6|2|1|0
525920|kennyclark_ucla|kennyclark_ucla_2013|6|2|1|0
525921|sheldonday_notredame|sheldonday_notredame_2012|6|2|1|0
525922|mylesgarrett_texasam|mylesgarrett_texasam_2014|6|2|1|0
525923|shaqlawson_clemson|shaqlawson_clemson_2012|6|2|1|0
525924|shaqlawson_clemson|shaqlawson_clemson_2013|6|2|1|0
525925|emmanuelogbah_oklahomastate|emmanuelogbah_oklahomastate_2012|6|2|1|0
525926|ashawnrobinson_alabama|ashawnrobinson_alabama_2013|6|2|1|0
525927|adolphuswashington_ohiostate|adolphuswashington_ohiostate_2012|6|2|1|0
525928|kentrellbrothers_missouri|kentrellbrothers_missouri_2011|6|2|1|0
525929|suacravens_usc|suacravens_usc_2013|6|2|1|0
525930|tylermatakevich_temple|tylermatakevich_temple_2012|6|2|1|0
525931|blakemartinez_stanford|blakemartinez_stanford_2012|6|2|1|0
525932|raekwonmcmillan_ohiostate|raekwonmcmillan_ohiostate_2014|6|2|1|0
525933|reggieragland_alabama|reggieragland_alabama_2012|6|2|1|0
525934|jaylonsmith_notredame|jaylonsmith_notredame_2013|6|2|1|0
525935|ericstriker_oklahoma|ericstriker_oklahoma_2012|6|2|1|0
525936|anthonywalker_northwestern|anthonywalker_northwestern_2013|6|2|1|0
525937|mackensiealexander_clemson|mackensiealexander_clemson_2013|6|2|1|0
525938|vonnbell_ohiostate|vonnbell_ohiostate_2013|6|2|1|0
525939|traeelston_olemiss|traeelston_olemiss_2012|6|2|1|0
525940|eddiejackson_alabama|eddiejackson_alabama_2013|6|2|1|0
525941|jayronkearse_clemson|jayronkearse_clemson_2013|6|2|1|0
525942|desmondking_iowa|desmondking_iowa_2013|6|2|1|0
525943|jourdanlewis_michigan|jourdanlewis_michigan_2013|6|2|1|0
525944|marcusmaye_florida|marcusmaye_florida_2012|6|2|1|0
525945|jalenmills_lsu|jalenmills_lsu_2012|6|2|1|0
525946|jabrillpeppers_michigan|jabrillpeppers_michigan_2014|6|2|1|0
525947|jalenramsey_floridastate|jalenramsey_floridastate_2013|6|2|1|0
525948|zacksanchez_oklahoma|zacksanchez_oklahoma_2012|6|2|1|0
525949|darianthompson_boisestate|darianthompson_boisestate_2011|6|2|1|0
525950|robertoaguayo_floridastate|robertoaguayo_floridastate_2012|6|2|1|0
525951|danielcarlson_auburn|danielcarlson_auburn_2013|6|2|1|0
525952|jakeelliott_memphis|jakeelliott_memphis_2013|6|2|1|0
525953|kaimifairbairn_ucla|kaimifairbairn_ucla_2012|6|2|1|0
525954|drewkaser_texasam|drewkaser_texasam_2011|6|2|1|0
525955|evanberry_tennessee|evanberry_tennessee_2014|6|2|1|0
525956|morganburns_kansasstate|morganburns_kansasstate_2011|6|2|1|0
525957|antoniocallaway_florida|antoniocallaway_florida_2015|6|2|1|0
525958|jakeemgrant_texastech|jakeemgrant_texastech_2011|6|2|1|0
525959|christiankirk_texasam|christiankirk_texasam_2015|6|2|1|0
525960|williamlikely_maryland|williamlikely_maryland_2013|6|2|1|0
525961|christianmccaffrey_stanford|christianmccaffrey_stanford_2014|6|2|1|0
525962|dantepettis_washington|dantepettis_washington_2014|6|2|1|0
525963|cameronsutton_tennessee|cameronsutton_tennessee_2013|6|2|1|0
525964|ryanswitzer_northcarolina|ryanswitzer_northcarolina_2013|6|2|1|0
525965|lamarjackson_louisville|lamarjackson_louisville_2015|6|2|1|0
525966|dalvincook_floridastate|dalvincook_floridastate_2014|6|2|1|0
525967|dontaforeman_texas|dontaforeman_texas_2014|6|2|1|0
525968|donnelpumphrey_sandiegostate|donnelpumphrey_sandiegostate_2013|6|2|1|0
525969|coreydavis_westernmichigan|coreydavis_westernmichigan_2013|6|2|1|0
525970|zayjones_eastcarolina|zayjones_eastcarolina_2013|6|2|1|0
525971|johnross_washington|johnross_washington_2013|6|2|1|0
525972|dedewestbrook_oklahoma|dedewestbrook_oklahoma_2015|6|2|1|0
525973|jakebutt_michigan|jakebutt_michigan_2013|6|2|1|0
525974|evanengram_olemiss|evanengram_olemiss_2013|6|2|1|0
525975|ojhoward_alabama|ojhoward_alabama_2013|6|2|1|0
525976|patelflein_ohiostate|patelflein_ohiostate_2012|6|2|1|0
525977|danfeeney_indiana|danfeeney_indiana_2012|6|2|1|0
525978|dorianjohnson_pittsburgh|dorianjohnson_pittsburgh_2013|6|2|1|0
525979|roderickjohnson_floridastate|roderickjohnson_floridastate_2014|6|2|1|0
525980|ethanpocic_lsu|ethanpocic_lsu_2013|6|2|1|0
525981|billyprice_ohiostate|billyprice_ohiostate_2013|6|2|1|0
525982|ryanramczyk_wisconsin|ryanramczyk_wisconsin_2013|6|2|1|0
525983|camrobinson_alabama|camrobinson_alabama_2014|6|2|1|0
525984|nicosiragusa_sandiegostate|nicosiragusa_sandiegostate_2012|6|2|1|0
525985|connorwilliams_texas|connorwilliams_texas_2015|6|2|1|0
525986|jonathanallen_alabama|jonathanallen_alabama_2013|6|2|1|0
525987|derekbarnett_tennessee|derekbarnett_tennessee_2014|6|2|1|0
525988|mylesgarrett_texasam|mylesgarrett_texasam_2014|6|2|1|0
525989|carllawson_auburn|carllawson_auburn_2013|6|2|1|0
525990|edoliver_houston|edoliver_houston_2016|6|2|1|0
525991|demarcuswalker_floridastate|demarcuswalker_floridastate_2013|6|2|1|0
525992|carloswatkins_clemson|carloswatkins_clemson_2012|6|2|1|0
525993|christianwilkins_clemson|christianwilkins_clemson_2015|6|2|1|0
525994|zachcunningham_vanderbilt|zachcunningham_vanderbilt_2013|6|2|1|0
525995|reubenfoster_alabama|reubenfoster_alabama_2013|6|2|1|0
525996|jabrillpeppers_michigan|jabrillpeppers_michigan_2014|6|2|1|0
525997|tjwatt_wisconsin|tjwatt_wisconsin_2013|6|2|1|0
525998|jamaladams_lsu|jamaladams_lsu_2014|6|2|1|0
525999|buddabaker_washington|buddabaker_washington_2014|6|2|1|0
526000|minkahfitzpatrick_alabama|minkahfitzpatrick_alabama_2015|6|2|1|0
526001|malikhooker_ohiostate|malikhooker_ohiostate_2014|6|2|1|0
526002|marlonhumphrey_alabama|marlonhumphrey_alabama_2014|6|2|1|0
526003|adoreejackson_usc|adoreejackson_usc_2014|6|2|1|0
526004|desmondking_iowa|desmondking_iowa_2013|6|2|1|0
526005|jourdanlewis_michigan|jourdanlewis_michigan_2013|6|2|1|0
526006|tarvarusmcfadden_floridastate|tarvarusmcfadden_floridastate_2015|6|2|1|0
526007|cordreatankersley_clemson|cordreatankersley_clemson_2012|6|2|1|0
526008|cordreatankersley_clemson|cordreatankersley_clemson_2013|6|2|1|0
526009|tredaviouswhite_lsu|tredaviouswhite_lsu_2013|6|2|1|0
526010|zanegonzalez_arizonastate|zanegonzalez_arizonastate_2013|6|2|1|0
526011|johnnytownsend_florida|johnnytownsend_florida_2013|6|2|1|0
526012|mitchwishnowsky_utah|mitchwishnowsky_utah_2016|6|2|1|0
526013|quadreehenderson_pittsburgh|quadreehenderson_pittsburgh_2015|6|2|1|0
526014|adoreejackson_usc|adoreejackson_usc_2014|6|2|1|0
526015|christianmccaffrey_stanford|christianmccaffrey_stanford_2014|6|2|1|0
526016|jabrillpeppers_michigan|jabrillpeppers_michigan_2014|6|2|1|0
526017|curtissamuel_ohiostate|curtissamuel_ohiostate_2014|6|2|1|0
526018|saquonbarkley_pennstate|saquonbarkley_pennstate_2015|6|2|1|0
526019|brycelove_stanford|brycelove_stanford_2015|6|2|1|0
526020|rashaadpenny_sandiegostate|rashaadpenny_sandiegostate_2014|6|2|1|0
526021|michaelgallup_coloradostate|michaelgallup_coloradostate_2016|6|2|1|0
526022|davidsillsv_westvirginia|davidsillsv_westvirginia_2015|6|2|1|0
526023|davidsillsv_westvirginia|davidsillsv_westvirginia_2017|6|2|1|0
526024|jameswashington_oklahomastate|jameswashington_oklahomastate_2014|6|2|1|0
526025|markandrews_oklahoma|markandrews_oklahoma_2014|6|2|1|0
526026|beaubenzschawel_wisconsin|beaubenzschawel_wisconsin_2014|6|2|1|0
526027|davidedwards_wisconsin|davidedwards_wisconsin_2015|6|2|1|0
526028|willhernandez_utep|willhernandez_utep_2013|6|2|1|0
526029|mitchhyatt_clemson|mitchhyatt_clemson_2015|6|2|1|0
526030|mikemcglinchey_notredame|mikemcglinchey_notredame_2013|6|2|1|0
526031|quentonnelson_notredame|quentonnelson_notredame_2014|6|2|1|0
526032|chukwumaokorafor_westernmichigan|chukwumaokorafor_westernmichigan_2014|6|2|1|0
526033|billyprice_ohiostate|billyprice_ohiostate_2013|6|2|1|0
526034|frankragnow_arkansas|frankragnow_arkansas_2014|6|2|1|0
526035|bradensmith_auburn|bradensmith_auburn_2014|6|2|1|0
526036|matboesen_tcu|matboesen_tcu_2016|6|2|1|0
526037|nickbosa_ohiostate|nickbosa_ohiostate_2016|6|2|1|0
526038|austinbryant_clemson|austinbryant_clemson_2015|6|2|1|0
526039|bradleychubb_northcarolinastate|bradleychubb_northcarolinastate_2014|6|2|1|0
526040|clelinferrell_clemson|clelinferrell_clemson_2015|6|2|1|0
526041|edoliver_houston|edoliver_houston_2016|6|2|1|0
526042|suttonsmith_northernillinois|suttonsmith_northernillinois_2015|6|2|1|0
526043|christianwilkins_clemson|christianwilkins_clemson_2015|6|2|1|0
526044|tjedwards_wisconsin|tjedwards_wisconsin_2014|6|2|1|0
526045|rashaanevans_alabama|rashaanevans_alabama_2014|6|2|1|0
526046|jeffholland_auburn|jeffholland_auburn_2015|6|2|1|0
526047|joseyjewell_iowa|joseyjewell_iowa_2013|6|2|1|0
526048|micahkiser_virginia|micahkiser_virginia_2013|6|2|1|0
526049|joellanning_iowastate|joellanning_iowastate_2013|6|2|1|0
526050|dorianodaniel_clemson|dorianodaniel_clemson_2013|6|2|1|0
526051|ogbonniaokoronkwo_oklahoma|ogbonniaokoronkwo_oklahoma_2013|6|2|1|0
526052|roquansmith_georgia|roquansmith_georgia_2015|6|2|1|0
526053|quinblanding_virginia|quinblanding_virginia_2014|6|2|1|0
526054|carltondavis_auburn|carltondavis_auburn_2015|6|2|1|0
526055|jalendavis_utahstate|jalendavis_utahstate_2014|6|2|1|0
526056|deshonelliott_texas|deshonelliott_texas_2015|6|2|1|0
526057|minkahfitzpatrick_alabama|minkahfitzpatrick_alabama_2015|6|2|1|0
526058|joshjackson_iowa|joshjackson_iowa_2014|6|2|1|0
526059|derwinjames_floridastate|derwinjames_floridastate_2015|6|2|1|0
526060|julianlove_notredame|julianlove_notredame_2016|6|2|1|0
526061|denzelward_ohiostate|denzelward_ohiostate_2015|6|2|1|0
526062|danielcarlson_auburn|danielcarlson_auburn_2013|6|2|1|0
526063|michaeldickson_texas|michaeldickson_texas_2015|6|2|1|0
526064|jkscott_alabama|jkscott_alabama_2014|6|2|1|0
526065|johnnytownsend_florida|johnnytownsend_florida_2013|6|2|1|0
526066|saquonbarkley_pennstate|saquonbarkley_pennstate_2015|6|2|1|0
526067|dantepettis_washington|dantepettis_washington_2014|6|2|1|0
526068|tonypollard_memphis|tonypollard_memphis_2015|6|2|1|0
526069|tuatagovailoa_alabama|tuatagovailoa_alabama_2017|6|2|1|0
526070|darrellhenderson_memphis|darrellhenderson_memphis_2015|6|2|1|0
526071|jonathantaylor_wisconsin|jonathantaylor_wisconsin_2017|6|2|1|0
526072|travisetienne_clemson|travisetienne_clemson_2017|6|2|1|0
526073|marquisebrown_oklahoma|marquisebrown_oklahoma_2017|6|2|1|0
526074|jerryjeudy_alabama|jerryjeudy_alabama_2017|6|2|1|0
526075|rondalemoore_purdue|rondalemoore_purdue_2018|6|2|1|0
526076|tylanwallace_oklahomastate|tylanwallace_oklahomastate_2017|6|2|1|0
526077|antoinewesley_texastech|antoinewesley_texastech_2016|6|2|1|0
526078|jacesternberger_texasam|jacesternberger_texasam_2018|6|2|1|0
526079|tjhockenson_iowa|tjhockenson_iowa_2016|6|2|1|0
526080|beaubenzschawel_wisconsin|beaubenzschawel_wisconsin_2014|6|2|1|0
526081|michaeldeiter_wisconsin|michaeldeiter_wisconsin_2014|6|2|1|0
526082|lamontgaillard_georgia|lamontgaillard_georgia_2014|6|2|1|0
526083|mitchhyatt_clemson|mitchhyatt_clemson_2015|6|2|1|0
526084|michaeljordan_ohiostate|michaeljordan_ohiostate_2016|6|2|1|0
526085|sammustipher_notredame|sammustipher_notredame_2014|6|2|1|0
526086|rosspierschbacher_alabama|rosspierschbacher_alabama_2014|6|2|1|0
526087|benpowers_oklahoma|benpowers_oklahoma_2016|6|2|1|0
526088|daltonrisner_kansasstate|daltonrisner_kansasstate_2014|6|2|1|0
526089|drusamia_oklahoma|drusamia_oklahoma_2015|6|2|1|0
526090|bunchystallings_kentucky|bunchystallings_kentucky_2014|6|2|1|0
526091|andrewthomas_georgia|andrewthomas_georgia_2017|6|2|1|0
526092|jonahwilliams_alabama|jonahwilliams_alabama_2016|6|2|1|0
526093|clelinferrell_clemson|clelinferrell_clemson_2015|6|2|1|0
526094|dremontjones_ohiostate|dremontjones_ohiostate_2015|6|2|1|0
526095|dexterlawrence_clemson|dexterlawrence_clemson_2016|6|2|1|0
526096|edoliver_houston|edoliver_houston_2016|6|2|1|0
526097|suttonsmith_northernillinois|suttonsmith_northernillinois_2015|6|2|1|0
526098|montezsweat_mississippistate|montezsweat_mississippistate_2017|6|2|1|0
526099|jerrytillery_notredame|jerrytillery_notredame_2015|6|2|1|0
526100|christianwilkins_clemson|christianwilkins_clemson_2015|6|2|1|0
526101|quinnenwilliams_alabama|quinnenwilliams_alabama_2016|6|2|1|0
526102|joshallen_kentucky|joshallen_kentucky_2015|6|2|1|0
526103|devinwhite_lsu|devinwhite_lsu_2016|6|2|1|0
526104|benburrkirven_washington|benburrkirven_washington_2015|6|2|1|0
526105|deandrebaker_georgia|deandrebaker_georgia_2015|6|2|1|0
526106|hampcheevers_bostoncollege|hampcheevers_bostoncollege_2016|6|2|1|0
526107|grantdelpit_lsu|grantdelpit_lsu_2017|6|2|1|0
526108|julianlove_notredame|julianlove_notredame_2016|6|2|1|0
526109|byronmurphy_washington|byronmurphy_washington_2016|6|2|1|0
526110|taylorrapp_washington|taylorrapp_washington_2016|6|2|1|0
526111|deiontethompson_alabama|deiontethompson_alabama_2015|6|2|1|0
526112|greedywilliams_lsu|greedywilliams_lsu_2016|6|2|1|0
526113|andreszmyt_syracuse|andreszmyt_syracuse_2017|6|2|1|0
526114|bradenmann_texasam|bradenmann_texasam_2016|6|2|1|0
526115|gregdortch_wakeforest|gregdortch_wakeforest_2016|6|2|1|0
526116|mecolehardman_georgia|mecolehardman_georgia_2016|6|2|1|0
526117|darrellhenderson_memphis|darrellhenderson_memphis_2015|6|2|1|0
526118|rondalemoore_purdue|rondalemoore_purdue_2018|6|2|1|0
526119|deebosamuel_southcarolina|deebosamuel_southcarolina_2014|6|2|1|0
526120|savonscarver_utahstate|savonscarver_utahstate_2017|6|2|1|0
526121|isaiahwright_temple|isaiahwright_temple_2016|6|2|1|0
526122|jkdobbins_ohiostate|jkdobbins_ohiostate_2017|6|2|1|0
526123|travisetienne_clemson|travisetienne_clemson_2017|6|2|1|0
526124|chubahubbard_oklahomastate|chubahubbard_oklahomastate_2017|6|2|1|0
526125|jonathantaylor_wisconsin|jonathantaylor_wisconsin_2017|6|2|1|0
526126|jamarrchase_lsu|jamarrchase_lsu_2018|6|2|1|0
526127|jerryjeudy_alabama|jerryjeudy_alabama_2017|6|2|1|0
526128|ceedeelamb_oklahoma|ceedeelamb_oklahoma_2017|6|2|1|0
526129|devontasmith_alabama|devontasmith_alabama_2017|6|2|1|0
526130|hunterbryant_washington|hunterbryant_washington_2017|6|2|1|0
526131|tylerbiadasz_wisconsin|tylerbiadasz_wisconsin_2016|6|2|1|0
526132|wyattdavis_ohiostate|wyattdavis_ohiostate_2017|6|2|1|0
526133|kevindotson_louisiana|kevindotson_louisiana_2015|6|2|1|0
526134|alexleatherwood_alabama|alexleatherwood_alabama_2017|6|2|1|0
526135|shanelemieux_oregon|shanelemieux_oregon_2015|6|2|1|0
526136|damienlewis_lsu|damienlewis_lsu_2018|6|2|1|0
526137|peneisewell_oregon|peneisewell_oregon_2018|6|2|1|0
526138|johnsimpson_clemson|johnsimpson_clemson_2016|6|2|1|0
526139|andrewthomas_georgia|andrewthomas_georgia_2017|6|2|1|0
526140|jedrickwills_alabama|jedrickwills_alabama_2017|6|2|1|0
526141|tristanwirfs_iowa|tristanwirfs_iowa_2017|6|2|1|0
526142|bradleeanae_utah|bradleeanae_utah_2016|6|2|1|0
526143|derrickbrown_auburn|derrickbrown_auburn_2016|6|2|1|0
526144|ajepenesa_iowa|ajepenesa_iowa_2017|6|2|1|0
526145|javonkinlaw_southcarolina|javonkinlaw_southcarolina_2017|6|2|1|0
526146|jameslynch_baylor|jameslynch_baylor_2017|6|2|1|0
526147|quincyroche_temple|quincyroche_temple_2016|6|2|1|0
526148|curtisweaver_boisestate|curtisweaver_boisestate_2016|6|2|1|0
526149|chaseyoung_ohiostate|chaseyoung_ohiostate_2017|6|2|1|0
526150|zackbaun_wisconsin|zackbaun_wisconsin_2015|6|2|1|0
526151|micahparsons_pennstate|micahparsons_pennstate_2018|6|2|1|0
526152|isaiahsimmons_clemson|isaiahsimmons_clemson_2016|6|2|1|0
526153|curtisweaver_boisestate|curtisweaver_boisestate_2016|6|2|1|0
526154|evanweaver_california|evanweaver_california_2016|6|2|1|0
526155|julianblackmon_utah|julianblackmon_utah_2016|6|2|1|0
526156|grantdelpit_lsu|grantdelpit_lsu_2017|6|2|1|0
526157|xaviermckinney_alabama|xaviermckinney_alabama_2017|6|2|1|0
526158|jeffokudah_ohiostate|jeffokudah_ohiostate_2017|6|2|1|0
526159|amikrobertson_louisianatech|amikrobertson_louisianatech_2017|6|2|1|0
526160|gabebrkic_oklahoma|gabebrkic_oklahoma_2018|6|2|1|0
526161|maxduffy_kentucky|maxduffy_kentucky_2018|6|2|1|0
526162|bradenmann_texasam|bradenmann_texasam_2016|6|2|1|0
526163|jkdobbins_ohiostate|jkdobbins_ohiostate_2017|6|2|1|0
526164|joereed_virginia|joereed_virginia_2016|6|2|1|0
526165|jaylenwaddle_alabama|jaylenwaddle_alabama_2018|6|2|1|0
526166|macjones_alabama|macjones_alabama_2017|6|2|1|0
526167|trevorlawrence_clemson|trevorlawrence_clemson_2018|6|2|1|0
526168|kyletrask_florida|kyletrask_florida_2016|6|2|1|0
526169|breecehall_iowastate|breecehall_iowastate_2019|6|2|1|0
526170|najeeharris_alabama|najeeharris_alabama_2017|6|2|1|0
526171|jaretpatterson_buffalo|jaretpatterson_buffalo_2017|6|2|1|0
526172|jaelondarden_northtexas|jaelondarden_northtexas_2017|6|2|1|0
526173|elijahmoore_olemiss|elijahmoore_olemiss_2018|6|2|1|0
526174|devontasmith_alabama|devontasmith_alabama_2017|6|2|1|0
526175|kylepitts_florida|kylepitts_florida_2018|6|2|1|0
526176|aaronbanks_notredame|aaronbanks_notredame_2017|6|2|1|0
526177|bradychristensen_byu|bradychristensen_byu_2015|6|2|1|0
526178|christiandarrisaw_virginiatech|christiandarrisaw_virginiatech_2017|6|2|1|0
526179|christiandarrisaw_virginiatech|christiandarrisaw_virginiatech_2018|6|2|1|0
526180|wyattdavis_ohiostate|wyattdavis_ohiostate_2017|6|2|1|0
526181|liameichenberg_notredame|liameichenberg_notredame_2016|6|2|1|0
526182|kenyongreen_texasam|kenyongreen_texasam_2019|6|2|1|0
526183|alexleatherwood_alabama|alexleatherwood_alabama_2017|6|2|1|0
526184|tylerlinderbaum_iowa|tylerlinderbaum_iowa_2018|6|2|1|0
526185|cainmadden_marshall|cainmadden_marshall_2016|6|2|1|0
526186|jaquanbailey_iowastate|jaquanbailey_iowastate_2016|6|2|1|0
526187|christianbarmore_alabama|christianbarmore_alabama_2018|6|2|1|0
526188|haskellgarrett_ohiostate|haskellgarrett_ohiostate_2017|6|2|1|0
526189|cadehall_sanjosestate|cadehall_sanjosestate_2018|6|2|1|0
526190|tarronjackson_coastalcarolina|tarronjackson_coastalcarolina_2016|6|2|1|0
526191|patrickjonesii_pittsburgh|patrickjonesii_pittsburgh_2016|6|2|1|0
526192|alimmcneill_northcarolinastate|alimmcneill_northcarolinastate_2018|6|2|1|0
526193|daviyonnixon_iowa|daviyonnixon_iowa_2017|6|2|1|0
526194|daviyonnixon_iowa|daviyonnixon_iowa_2018|6|2|1|0
526195|dariusstills_westvirginia|dariusstills_westvirginia_2017|6|2|1|0
526196|rashadweaver_pittsburgh|rashadweaver_pittsburgh_2016|6|2|1|0
526197|zavencollins_tulsa|zavencollins_tulsa_2017|6|2|1|0
526198|dylanmoses_alabama|dylanmoses_alabama_2017|6|2|1|0
526199|josephossai_texas|josephossai_texas_2018|6|2|1|0
526200|jeremiahowusukoramoah_notredame|jeremiahowusukoramoah_notredame_2017|6|2|1|0
526201|chazzsurratt_northcarolina|chazzsurratt_northcarolina_2016|6|2|1|0
526202|ahmadgardner_cincinnati|ahmadgardner_cincinnati_2019|6|2|1|0
526203|kylehamilton_notredame|kylehamilton_notredame_2019|6|2|1|0
526204|talanoahufanga_usc|talanoahufanga_usc_2018|6|2|1|0
526205|shemarjeancharles_appalachianstate|shemarjeancharles_appalachianstate_2016|6|2|1|0
526206|brandonjoseph_northwestern|brandonjoseph_northwestern_2019|6|2|1|0
526207|tiawanmullen_indiana|tiawanmullen_indiana_2019|6|2|1|0
526208|ericstokes_georgia|ericstokes_georgia_2017|6|2|1|0
526209|patricksurtainii_alabama|patricksurtainii_alabama_2018|6|2|1|0
526210|shaunwade_ohiostate|shaunwade_ohiostate_2017|6|2|1|0
526211|jameswiggins_cincinnati|jameswiggins_cincinnati_2016|6|2|1|0
526212|willreichard_alabama|willreichard_alabama_2019|6|2|1|0
526213|cadeyork_lsu|cadeyork_lsu_2019|6|2|1|0
526214|pressleyharviniii_georgiatech|pressleyharviniii_georgiatech_2017|6|2|1|0
526215|travisetienne_clemson|travisetienne_clemson_2017|6|2|1|0
526216|thomasfletcher_alabama|thomasfletcher_alabama_2017|6|2|1|0
526217|jeremiahhaydel_texasstate|jeremiahhaydel_texasstate_2017|6|2|1|0
526218|chrissmith_louisiana|chrissmith_louisiana_2018|6|2|1|0
526219|devontasmith_alabama|devontasmith_alabama_2017|6|2|1|0
526220|kadariustoney_florida|kadariustoney_florida_2017|6|2|1|0
526221|antoinewinfieldjr_minnesota|antoinewinfield_minnesota_2016|6|1|1|0
526222|averywilliams_boisestate|averywillliams_boisestate_2016|6|1|1|0
526223|bjrnwerner_floridastate|bjoernwerner_floridastate_2010|6|1|1|0
526224|coryrodgers_tcu|dacorrodgers_tcu_2002|6|1|1|0
526225|derekstingleyjr_lsu|derekstingley_lsu_2019|6|1|1|0
526226|devinbush_michigan|devinbushjr_michigan_2016|6|1|1|0
526227|gregnewsomeii_northwestern|gregnewsome_northwestern_2018|6|1|1|0
526228|hamilcarrashedjr_oregonstate|hamilcarrashed_oregonstate_2016|6|1|1|0
526229|jakekirkpatrick_tcu|jacobkirkpatrick_tcu_2006|6|1|1|0
526230|jarettdillard_rice|jarrettdillard_rice_2004|6|1|1|0
526231|joshuayoungblood_kansasstate|joshyoungblood_kansasstate_2019|6|1|1|0
526232|lamichaeljames_oregon|lamikejames_oregon_2008|6|1|1|0
526233|lynnbowden_kentucky|lynnbowdenjr_kentucky_2017|6|1|1|0
526234|mardygilyard_cincinnati|marshawngilyard_cincinnati_2005|6|1|1|0
526235|mauricedrew_ucla|mauricejonesdrew_ucla_2003|6|1|1|0
526236|mauricehurstjr_michigan|mauricehurst_michigan_2013|6|1|1|0
526237|mikebrewster_ohiostate|michaelbrewster_ohiostate_2008|6|1|1|0
526238|mikemickens_cincinnati|mickmickens_cincinnati_2005|6|1|1|0
526239|nateirving_northcarolinastate|nathanielirving_northcarolinastate_2006|6|1|1|0
526240|nicksciba_wakeforest|nicolassciba_wakeforest_2018|6|1|1|0
526241|orlandobrownjr_oklahoma|orlandobrown_oklahoma_2014|6|1|1|0
526242|rylanreed_texastech|lareed_texastech_2004|6|1|1|0
526243|scoobywrightiii_arizona|scoobywright_arizona_2013|6|1|1|0
526244|shaquillemason_georgiatech|shaqmason_georgiatech_2011|6|1|1|0
526245|stevewirtel_iowastate|stevenwirtel_iowastate_2016|6|1|1|0
526246|vernonhargreaves_florida|vernonhargreavesiii_florida_2013|6|1|1|0
526247|willsutton_arizonastate|williamsutton_arizonastate_2009|6|1|1|0
526248|andyisabella_umass|andyisabella_massachusetts_2015|6|1|1|1
526249|davidamerson_ncstate|davidamerson_northcarolinastate_2010|6|1|1|1
526250|garrettbradbury_ncstate|garrettbradbury_northcarolinastate_2014|6|1|1|1
526251|harrisonbryant_fau|harrisonbryant_floridaatlantic_2016|6|1|1|1
526252|jaelanphillips_miami|jaelanphillips_ucla_2017|6|1|1|1
526253|jeremycash_duke|jeremycash_ohiostate_2011|6|1|1|1
526254|joeburrow_lsu|joeburrow_ohiostate_2015|6|1|1|1
526255|jonathangreenard_florida|jonathangreenard_louisville_2015|6|1|1|1
526256|joseborregales_miami|joseborregales_floridainternational_2016|6|1|1|1
526257|jrreed_georgia|jrreed_tulsa_2014|6|1|1|1
526258|kylermurray_oklahoma|kylermurray_texasam_2015|6|1|1|1
526259|landondickerson_alabama|landondickerson_floridastate_2016|6|1|1|1
526260|marcusjones_houston|marcusjones_northernillinois_2015|6|1|1|1
526261|michaelroberts_toledo|michaelroberts_ohio_2012|6|1|1|1
526262|robertnkemdiche_mississippi|robertnkemdiche_olemiss_2013|6|1|1|1
526263|robertwoods_southerncalifornia|robertwoods_usc_2010|6|1|1|1
526264|tajaesharpe_umass|tajaesharpe_massachusetts_2012|6|1|1|1
526265|alihighsmith_lsu|alihighsmith_miami_2003|6|1|1|1
526266|anthonyfera_texas|anthonyfera_pennstate_2009|6|1|1|1
526267|arthurbrown_kansasstate|arthurbrown_miami_2008|6|1|1|1
526268|brandonmeriweather_miamifl|brandonmeriweather_miami_2002|6|1|1|1
526269|briancushing_southerncalifornia|briancushing_usc_2005|6|1|1|1
526270|chasebeeler_stanford|chasebeeler_iowastate_2006|6|1|1|1
526271|chrismiller_ballstate|chrismiller_oregonstate_2004|6|1|1|1
526272|darnellbing_southerncalifornia|darnellbing_usc_2002|6|1|1|1
526273|donaldbrown_connecticut|donaldbrown_uconn_2005|6|1|1|1
526274|dwaynejarrett_southerncalifornia|dwaynejarrett_usc_2004|6|1|1|1
526275|freddavis_southerncalifornia|freddavis_usc_2004|6|1|1|1
526276|jarvisjones_georgia|jarvisjones_lsu_2007|6|1|1|1
526277|jjnelson_uab|jjnelson_alabamabirmingham_2010|6|1|1|1
526278|jjwatt_wisconsin|jjwatt_centralmichigan_2007|6|1|1|1
526279|johnsullivan_newmexico|johnsullivan_notredame_2003|6|1|1|1
526280|jordantodman_connecticut|jordantodman_uconn_2008|6|1|1|1
526281|jordanwhite_westernmichigan|jordanwhite_floridainternational_2010|6|1|1|1
526282|joshdoctson_tcu|joshdoctson_wyoming_2011|6|1|1|1
526283|mattkalil_southerncalifornia|mattkalil_usc_2008|6|1|1|1
526284|mikejohnson_alabama|mikejohnson_tulsa_2007|6|1|1|1
526285|quincymcduffie_ucf|quincymcduffie_centralflorida_2009|6|1|1|1
526286|reggiebush_southerncalifornia|reggiebush_usc_2003|6|1|1|1
526287|reggiedunn_utah|reggiedunn_oregonstate_2009|6|1|1|1
526288|reymaualuga_southerncalifornia|reymaualuga_usc_2005|6|1|1|1
526289|ryanallen_louisianatech|ryanallen_oregonstate_2008|6|1|1|1
526290|sambaker_southerncalifornia|sambaker_usc_2003|6|1|1|1
526291|stevesmith_southerncalifornia|stevesmith_usc_2003|6|1|1|1
526292|taitusilutui_southerncalifornia|taitusilutui_usc_2004|6|1|1|1
526293|taylormays_southerncalifornia|taylormays_usc_2006|6|1|1|1
526294|tjmcdonald_southerncalifornia|tjmcdonald_usc_2009|6|1|1|1
526295|travisjohnson_floridastate|travisjohnson_newmexicostate_2003|6|1|1|1
